Date,Price_abev3,Price_bbdc3,Price_itub3,Price_itsa3,Price_wege3
2018-10-04,14.37,15.22,23.19,6.8,9.21
2018-10-05,14.2,14.78,23.44,6.8,9.21
2018-10-08,14.48,15.56,24.78,6.96,9.18
2018-10-09,14.06,15.58,24.54,6.99,8.82
2018-10-10,13.83,14.91,23.79,6.87,8.87
2018-10-11,13.67,15.0,23.51,6.83,8.88
2018-10-15,13.62,15.15,23.52,6.82,8.82
2018-10-16,14.0,15.79,24.32,7.01,9.04
2018-10-17,13.71,15.8,24.49,6.98,8.99
2018-10-18,13.39,15.31,24.09,6.9,8.87
2018-10-19,13.56,15.34,23.87,6.87,8.97
2018-10-22,13.53,15.52,24.09,6.98,8.99
2018-10-23,13.38,15.56,24.08,6.98,9.26
2018-10-24,12.78,15.12,23.45,6.96,9.33
2018-10-25,12.07,15.77,24.02,6.97,9.16
2018-10-26,12.22,15.95,24.08,7.08,8.72
2018-10-29,12.41,15.62,23.88,6.95,8.44
2018-10-30,12.91,16.31,24.64,7.21,8.82
2018-10-31,13.14,16.23,24.42,7.25,8.68
2018-11-01,13.17,17.08,25.11,7.33,8.77
2018-11-05,13.24,17.71,25.72,7.45,9.02
2018-11-06,13.38,17.41,25.45,7.48,9.01
2018-11-07,13.15,17.34,25.81,7.54,9.09
2018-11-08,12.64,16.7,25.14,7.33,8.97
2018-11-09,12.93,17.07,25.66,7.45,8.97
2018-11-12,12.83,17.1,25.7,7.43,8.89
2018-11-13,12.68,16.74,25.21,7.4,8.74
2018-11-14,12.89,16.91,25.19,7.46,8.88
2018-11-16,13.27,17.85,25.93,7.7,8.94
2018-11-19,13.24,17.64,26.11,7.72,8.77
2018-11-21,13.18,17.48,25.95,7.67,8.66
2018-11-22,13.27,17.51,26.19,7.69,8.49
2018-11-23,13.03,17.55,25.86,7.62,8.52
2018-11-26,12.99,17.18,25.49,7.56,8.55
2018-11-27,13.3,17.87,26.12,7.78,8.7
2018-11-28,13.42,18.45,26.62,7.94,8.74
2018-11-29,13.38,18.58,26.71,8.04,8.78
2018-11-30,13.61,18.03,26.68,7.89,8.59
2018-12-03,13.46,17.97,26.45,7.87,8.66
2018-12-04,13.39,17.99,26.3,7.88,8.7
2018-12-05,13.3,18.05,26.22,7.63,8.6
2018-12-06,13.18,18.31,26.35,7.91,8.6
2018-12-07,12.96,18.07,26.22,7.83,8.53
2018-12-10,12.78,17.66,25.6,7.65,8.3
2018-12-11,12.83,17.73,25.79,7.69,8.39
2018-12-12,12.83,17.88,25.91,7.86,8.34
2018-12-13,13.13,18.4,26.43,7.96,8.37
2018-12-14,12.92,18.17,26.33,7.98,8.36
2018-12-17,12.95,17.8,25.83,7.73,8.16
2018-12-18,12.77,18.09,25.88,7.99,8.11
2018-12-19,12.64,17.8,25.68,7.92,8.24
2018-12-20,12.49,17.99,25.78,7.97,8.32
2018-12-21,12.45,17.86,25.35,7.88,8.36
2018-12-26,12.43,17.8,25.09,8.02,8.22
2018-12-27,12.4,18.25,25.52,7.97,8.28
2018-12-28,12.63,18.55,26.0,8.22,8.48
2019-01-02,13.26,19.6,27.67,8.47,8.69
2019-01-03,13.41,20.01,27.92,8.65,8.89
2019-01-04,13.59,19.57,27.45,8.69,8.99
2019-01-07,13.53,19.74,27.8,8.57,8.85
2019-01-08,13.26,19.96,27.87,8.61,8.78
2019-01-09,13.45,20.37,28.13,8.78,8.88
2019-01-10,13.83,20.43,28.13,8.83,8.94
2019-01-11,14.19,20.35,27.81,8.85,9.04
2019-01-14,14.4,20.37,28.13,8.81,9.14
2019-01-15,14.53,20.45,27.75,8.77,8.96
2019-01-16,14.61,20.56,27.69,8.73,9.15
2019-01-17,14.65,20.64,27.62,8.75,9.09
2019-01-18,14.78,20.89,27.96,8.97,9.04
2019-01-21,14.78,20.53,27.78,8.88,9.1
2019-01-22,14.4,20.51,27.69,8.86,8.97
2019-01-23,14.1,20.9,27.93,8.91,9.08
2019-01-24,14.09,21.21,27.87,8.98,9.1
2019-01-28,14.74,21.7,28.06,9.2,9.24
2019-01-29,14.67,21.11,27.96,9.28,9.29
2019-01-30,14.75,21.28,27.92,9.44,9.39
2019-01-31,14.37,22.07,28.45,9.57,9.11
2019-02-01,14.87,21.81,28.32,9.6,9.49
2019-02-04,15.15,22.28,28.95,9.81,9.52
2019-02-05,15.3,22.27,28.07,9.75,9.69
2019-02-06,14.85,21.21,27.02,9.49,9.35
2019-02-07,15.39,21.52,27.29,9.33,9.27
2019-02-08,14.96,22.08,28.09,9.64,9.19
2019-02-11,15.36,21.65,27.7,9.74,9.13
2019-02-12,15.33,22.11,28.15,9.83,9.12
2019-02-13,15.1,21.93,27.54,10.16,9.02
2019-02-14,15.26,22.67,28.31,10.17,9.11
2019-02-15,15.18,22.37,28.24,9.93,9.14
2019-02-18,14.93,21.86,27.83,9.89,9.23
2019-02-19,15.04,22.21,28.41,10.04,9.37
2019-02-20,14.9,21.78,28.16,10.23,9.08
2019-02-21,15.04,22.05,28.9,10.11,9.13
2019-02-22,15.04,22.0,29.25,10.16,9.21
2019-02-25,15.1,21.85,28.93,9.98,8.96
2019-02-26,15.18,21.94,28.88,9.86,8.9
2019-02-27,15.07,21.8,28.79,9.91,9.02
2019-02-28,14.14,21.13,28.48,9.72,8.94
2019-03-01,13.82,20.51,28.16,9.71,8.91
2019-03-06,13.44,20.4,27.93,9.63,9.02
2019-03-07,13.7,20.54,28.55,9.71,8.99
2019-03-08,13.62,20.74,28.92,9.75,9.13
2019-03-11,14.05,21.59,29.4,9.82,9.22
2019-03-12,13.96,21.82,29.45,9.89,9.23
2019-03-13,13.87,21.81,29.77,9.87,9.31
2019-03-14,13.68,21.73,29.12,9.74,9.27
2019-03-15,13.76,21.84,28.73,9.85,9.35
2019-03-18,14.21,22.0,29.34,9.91,9.27
2019-03-19,14.11,21.56,29.03,9.88,9.27
2019-03-20,13.96,21.16,28.61,9.91,9.11
2019-03-21,13.94,20.49,28.02,9.91,9.01
2019-03-22,13.73,19.95,27.34,9.55,8.85
2019-03-25,13.56,20.03,27.16,9.58,8.79
2019-03-26,13.95,20.09,27.09,9.57,8.77
2019-03-27,13.58,19.46,26.38,9.31,8.5
2019-03-28,13.75,20.3,27.12,9.54,8.79
2019-03-29,13.82,20.77,27.34,9.51,8.76
2019-04-01,13.81,20.81,27.17,9.27,8.8
2019-04-02,13.77,20.62,26.94,9.16,8.88
2019-04-03,13.82,20.36,26.58,8.95,8.99
2019-04-04,14.22,20.69,26.99,9.02,9.16
2019-04-05,14.32,20.8,27.35,9.02,9.28
2019-04-08,14.24,20.87,27.22,9.05,9.13
2019-04-09,14.52,20.75,27.09,8.86,9.01
2019-04-10,14.41,20.56,26.87,8.8,8.92
2019-04-11,14.16,20.34,26.52,8.75,8.88
2019-04-12,14.0,20.09,26.24,8.63,8.88
2019-04-15,14.3,19.94,26.37,8.86,8.96
2019-04-16,14.39,19.92,26.19,8.77,9.13
2019-04-17,14.0,19.82,26.05,8.63,9.01
2019-04-18,14.02,20.06,26.41,8.78,9.07
2019-04-22,14.37,20.05,26.23,8.73,9.13
2019-04-23,14.51,20.42,26.71,8.9,9.37
2019-04-24,14.55,20.43,26.71,8.92,9.15
2019-04-25,15.03,20.42,26.88,8.97,9.27
2019-04-26,15.01,20.42,26.86,9.08,9.29
2019-04-29,15.06,20.36,26.89,8.92,9.13
2019-04-30,15.16,20.42,26.89,8.95,9.05
2019-05-02,14.74,20.5,27.01,8.91,9.14
2019-05-03,14.71,20.92,26.85,8.82,9.08
2019-05-06,14.83,20.24,26.29,8.69,8.94
2019-05-07,14.49,19.95,26.14,8.53,8.83
2019-05-08,14.71,20.42,26.34,8.7,9.06
2019-05-09,14.36,20.02,26.13,8.69,9.03
2019-05-10,14.2,19.82,25.85,8.61,8.97
2019-05-13,13.96,19.25,25.44,8.43,8.76
2019-05-14,13.91,19.08,25.34,8.43,8.77
2019-05-15,13.64,18.91,25.37,8.43,8.76
2019-05-16,13.66,18.57,25.16,8.21,8.76
2019-05-17,13.54,18.72,25.12,8.37,8.83
2019-05-20,13.54,19.37,25.71,8.56,9.0
2019-05-21,14.03,20.2,26.61,8.74,9.15
2019-05-22,14.13,19.91,26.74,8.79,9.14
2019-05-23,14.13,19.92,26.51,8.59,9.01
2019-05-24,14.0,19.79,26.31,8.64,8.86
2019-05-27,14.14,20.07,26.14,8.73,8.9
2019-05-28,14.21,20.74,26.83,8.88,9.18
2019-05-29,14.17,21.13,27.31,9.04,9.29
2019-05-30,14.31,21.46,27.64,9.15,9.28
2019-05-31,14.41,21.52,27.6,9.21,9.27
2019-06-03,14.3,21.6,27.74,9.15,9.32
2019-06-04,14.24,21.57,27.67,9.16,9.26
2019-06-05,14.29,21.32,27.25,9.01,9.2
2019-06-06,14.48,21.6,27.52,9.07,9.2
2019-06-07,14.46,21.73,27.69,9.19,9.35
2019-06-10,14.49,21.53,27.2,9.06,9.36
2019-06-11,14.55,21.59,27.49,9.0,9.43
2019-06-12,14.51,21.63,27.39,8.93,9.59
2019-06-13,14.65,21.4,27.04,8.67,9.74
2019-06-14,14.48,21.1,26.85,8.69,9.7
2019-06-17,14.61,20.99,26.99,8.75,9.88
2019-06-18,14.82,21.23,27.38,8.93,10.05
2019-06-19,14.94,21.72,27.8,9.01,10.31
2019-06-21,15.15,22.23,28.42,9.14,10.43
2019-06-24,15.02,22.33,28.38,9.08,10.51
2019-06-25,14.92,21.94,28.07,8.95,10.31
2019-06-26,14.86,22.03,28.62,9.14,10.3
2019-06-27,14.82,22.09,28.44,8.64,10.4
2019-06-28,14.69,22.06,28.55,8.55,10.4
2019-07-01,14.62,22.21,28.55,8.61,10.53
2019-07-02,14.88,22.19,28.27,8.62,10.52
2019-07-03,15.49,22.6,28.65,8.45,10.59
2019-07-04,15.6,23.11,28.94,8.61,10.83
2019-07-05,15.6,23.29,29.18,8.73,10.93
2019-07-08,15.55,23.44,29.24,8.74,10.99
2019-07-10,15.61,23.28,28.97,8.78,11.56
2019-07-11,15.34,23.02,28.95,8.76,11.51
2019-07-12,14.94,22.56,28.8,8.64,11.26
2019-07-15,14.98,22.57,28.49,8.6,10.93
2019-07-16,14.86,22.37,28.6,8.62,10.98
2019-07-17,14.77,22.45,28.45,8.61,10.99
2019-07-18,14.98,22.86,29.12,8.77,11.1
2019-07-19,14.85,22.57,28.55,8.67,11.12
2019-07-22,14.77,22.81,28.95,8.78,11.02
2019-07-23,14.8,22.82,28.97,8.84,11.02
2019-07-24,14.74,23.24,29.07,8.86,11.22
2019-07-25,16.0,22.09,28.21,8.61,11.12
2019-07-26,16.25,21.74,28.54,8.55,11.4
2019-07-29,16.83,21.74,28.56,8.49,11.55
2019-07-30,16.7,21.36,27.87,8.55,11.75
2019-07-31,16.52,20.63,27.44,8.23,11.66
2019-08-01,16.76,20.46,27.54,8.06,11.47
2019-08-02,16.82,20.41,27.51,7.93,11.63
2019-08-05,16.55,19.98,27.24,7.8,11.41
2019-08-06,16.81,20.48,28.1,8.09,11.7
2019-08-07,16.94,20.77,29.2,8.33,11.9
2019-08-08,16.56,20.89,29.21,8.49,11.97
2019-08-09,16.48,20.45,29.21,8.46,11.84
2019-08-12,15.99,19.98,28.15,8.29,11.63
2019-08-13,15.91,20.22,28.42,8.15,11.89
2019-08-14,15.61,19.68,27.91,8.19,11.31
2019-08-15,15.42,19.58,27.72,8.23,10.94
2019-08-16,15.51,19.64,27.83,8.28,11.17
2019-08-19,15.69,19.31,27.72,8.14,11.04
2019-08-20,15.55,19.11,27.49,8.05,11.07
2019-08-21,15.43,19.58,27.86,8.17,11.29
2019-08-22,15.16,19.18,27.47,8.06,11.13
2019-08-23,15.05,18.68,27.23,7.98,10.88
2019-08-26,14.85,18.6,27.11,7.98,10.55
2019-08-27,14.92,18.83,27.35,8.05,10.62
2019-08-28,14.9,18.73,27.57,8.16,10.82
2019-08-29,15.23,19.33,27.78,8.24,10.97
2019-08-30,15.37,20.11,28.19,8.32,11.02
2019-09-02,15.09,19.66,27.65,8.27,11.16
2019-09-03,15.2,19.24,27.25,8.15,10.87
2019-09-04,15.43,19.53,27.24,8.25,11.08
2019-09-05,15.34,20.01,28.11,8.45,11.16
2019-09-06,15.37,20.78,28.94,8.63,11.18
2019-09-09,15.49,21.06,29.42,8.73,11.06
2019-09-10,15.45,20.92,29.14,8.63,11.23
2019-09-11,15.52,20.98,29.05,8.71,11.3
2019-09-12,15.9,20.81,28.98,8.79,11.29
2019-09-13,15.68,20.57,29.24,8.83,11.62
2019-09-16,15.72,20.39,28.59,8.72,11.38
2019-09-17,15.95,20.63,28.89,8.83,11.65
2019-09-18,15.81,20.78,28.99,8.84,11.75
2019-09-19,15.88,20.5,28.11,8.78,11.6
2019-09-20,15.92,21.18,28.43,8.69,11.95
2019-09-23,15.93,21.01,28.34,8.79,11.87
2019-09-24,15.88,20.78,28.05,8.74,11.71
2019-09-25,16.09,20.98,28.19,8.75,11.89
2019-09-26,16.03,21.16,28.82,8.94,11.89
2019-09-27,15.97,21.14,28.8,8.93,11.84
2019-09-30,15.8,20.75,28.41,8.87,11.89
2019-10-01,15.85,20.57,27.96,8.73,11.89
2019-10-02,15.48,19.78,27.33,8.46,11.69
2019-10-03,15.25,19.81,27.17,8.49,11.62
2019-10-04,15.77,19.89,27.4,8.41,11.58
2019-10-07,15.49,19.58,26.69,8.2,11.21
2019-10-08,15.27,19.66,26.5,8.23,11.19
2019-10-09,15.33,20.44,26.89,8.31,11.22
2019-10-10,15.12,20.56,27.13,8.46,11.27
2019-10-11,15.25,20.86,27.6,8.69,11.61
2019-10-14,15.37,21.17,27.87,8.84,11.65
2019-10-15,15.51,21.37,28.02,8.76,11.66
2019-10-16,15.51,22.03,28.22,9.09,11.95
2019-10-17,15.41,21.72,28.08,9.11,11.89
2019-10-18,15.33,21.51,27.99,8.9,11.95
2019-10-21,15.59,21.85,28.38,9.01,11.99
2019-10-22,15.41,22.42,28.79,9.2,12.14
2019-10-23,15.33,22.66,29.22,9.23,12.67
2019-10-24,15.75,22.62,29.41,9.18,12.8
2019-10-25,14.45,22.79,29.5,9.3,12.46
2019-10-28,14.4,23.47,30.05,9.33,12.55
2019-10-29,14.43,23.21,29.6,9.27,12.52
2019-10-30,14.41,23.44,29.78,9.36,12.68
2019-10-31,14.27,22.48,29.41,9.23,12.51
2019-11-01,14.23,22.23,29.45,9.23,12.69
2019-11-04,14.42,22.35,29.58,9.33,12.82
2019-11-05,14.54,22.72,29.96,9.38,13.12
2019-11-06,14.38,22.41,29.96,9.34,13.33
2019-11-07,14.41,22.61,30.11,9.4,13.78
2019-11-08,14.2,21.93,29.61,9.2,13.85
2019-11-11,14.4,22.03,29.82,9.25,14.27
2019-11-12,14.26,21.72,29.19,9.15,13.98
2019-11-13,14.26,21.63,29.07,9.08,14.33
2019-11-14,14.32,21.49,29.16,9.16,14.35
2019-11-18,14.41,21.33,29.09,9.15,14.37
2019-11-19,14.51,21.29,28.61,8.97,14.32
2019-11-21,14.83,21.54,29.04,9.09,14.17
2019-11-22,14.93,21.9,29.01,9.16,14.25
2019-11-25,14.94,21.59,28.74,9.01,14.27
2019-11-26,14.8,20.91,28.31,8.76,14.04
2019-11-27,14.74,21.2,28.51,8.91,14.25
2019-11-28,14.78,21.18,28.19,8.9,14.44
2019-11-29,14.82,21.4,28.29,8.89,14.92
2019-12-02,14.75,21.61,28.63,9.03,14.79
2019-12-03,14.67,21.5,28.7,8.96,15.06
2019-12-04,15.02,21.99,29.5,9.14,15.61
2019-12-05,14.9,22.14,29.57,9.16,16.07
2019-12-06,15.15,22.13,29.24,9.06,16.06
2019-12-09,15.14,21.94,29.54,9.23,15.65
2019-12-10,15.08,21.86,29.35,9.23,15.68
2019-12-11,15.15,21.82,29.15,9.16,16.22
2019-12-12,15.35,22.08,29.22,9.29,16.58
2019-12-13,15.61,22.28,29.86,9.27,16.7
2019-12-16,15.66,21.94,29.34,9.18,16.43
2019-12-17,15.52,22.29,29.73,9.31,16.66
2019-12-18,15.67,23.15,29.83,9.46,16.63
2019-12-19,15.74,23.5,29.92,9.37,16.48
2019-12-20,15.93,23.16,29.67,9.36,16.62
2019-12-23,15.97,23.63,30.06,9.4,16.59
2019-12-26,16.19,23.88,30.51,9.45,17.11
2019-12-27,16.14,23.73,30.4,9.43,17.35
2019-12-30,15.73,23.69,30.28,9.4,17.02
2020-01-02,16.18,24.64,30.83,9.51,17.31
2020-01-03,15.95,24.25,30.58,9.53,17.08
2020-01-06,16.02,24.11,30.26,9.43,17.13
2020-01-07,16.06,23.7,29.68,9.34,17.26
2020-01-08,15.98,23.34,29.37,9.22,16.61
2020-01-09,15.86,23.11,29.1,9.09,16.36
2020-01-10,15.91,22.71,28.75,9.05,16.7
2020-01-13,16.18,22.99,29.16,9.17,16.85
2020-01-14,16.09,23.04,29.01,9.2,17.19
2020-01-15,15.8,22.51,28.6,9.07,17.3
2020-01-16,15.75,22.88,28.65,9.06,17.61
2020-01-17,15.75,23.36,29.1,9.15,18.07
2020-01-20,15.84,23.0,28.59,9.07,18.63
2020-01-21,15.79,22.2,27.9,8.9,18.41
2020-01-22,16.05,22.38,28.35,9.03,19.1
2020-01-23,15.71,22.99,28.96,9.19,19.47
2020-01-24,16.0,22.86,28.6,9.11,20.35
2020-01-27,15.63,22.26,28.25,8.9,20.12
2020-01-28,15.84,22.31,28.0,8.93,20.63
2020-01-29,15.42,21.84,27.76,8.91,20.82
2020-01-30,15.45,22.05,28.14,9.03,20.12
2020-01-31,15.04,21.81,27.84,8.78,19.35
2020-02-03,14.82,21.97,27.99,8.84,19.97
2020-02-04,14.87,22.05,28.18,8.85,19.9
2020-02-05,14.53,22.45,28.22,8.86,20.32
2020-02-06,14.21,22.14,28.09,8.8,21.04
2020-02-07,14.25,22.07,28.17,8.77,20.18
2020-02-10,14.09,22.19,28.43,8.87,20.39
2020-02-11,14.15,22.79,29.63,9.0,21.14
2020-02-12,14.03,22.46,29.78,9.07,21.88
2020-02-13,13.71,21.94,29.25,9.06,22.38
2020-02-14,13.82,21.34,28.87,8.97,22.38
2020-02-17,13.98,21.23,28.72,8.95,22.48
2020-02-18,13.63,21.11,28.69,9.07,21.95
2020-02-19,13.59,21.23,28.97,9.29,23.97
2020-02-20,13.62,20.75,28.94,9.15,23.32
2020-02-21,13.69,20.48,28.75,9.09,24.46
2020-02-26,13.33,18.98,27.58,8.74,23.07
2020-02-27,12.22,18.58,27.56,8.68,21.67
2020-02-28,12.25,19.03,27.99,8.81,21.26
2020-03-02,12.4,19.25,28.0,9.01,23.15
2020-03-03,12.42,18.94,27.71,8.84,23.61
2020-03-04,12.9,19.09,28.0,8.95,23.88
2020-03-05,12.83,18.52,27.53,8.9,23.01
2020-03-06,12.91,17.94,26.64,8.73,21.69
2020-03-09,12.36,16.18,25.45,8.38,19.59
2020-03-10,12.15,16.65,26.08,8.62,20.65
2020-03-11,11.58,15.33,24.77,8.1,19.31
2020-03-12,9.76,13.37,22.27,7.47,16.26
2020-03-13,10.7,15.56,24.73,7.69,17.01
2020-03-16,9.29,13.33,22.27,7.61,13.51
2020-03-17,9.85,14.18,23.29,7.55,14.13
2020-03-18,9.43,13.03,21.3,7.4,13.04
2020-03-19,9.86,12.58,21.73,7.11,14.16
2020-03-20,10.15,13.04,20.66,6.89,15.95
2020-03-23,9.7,12.03,19.28,6.43,17.36
2020-03-24,9.51,13.73,20.1,6.75,17.78
2020-03-25,9.81,14.82,21.19,6.8,18.43
2020-03-26,10.78,15.34,22.54,6.79,18.72
2020-03-27,10.52,14.45,21.7,6.85,17.44
2020-03-30,10.57,14.77,22.35,7.02,16.78
2020-03-31,10.04,14.44,21.61,6.89,16.56
2020-04-01,9.85,13.81,20.34,6.7,15.99
2020-04-02,10.1,14.13,20.51,6.81,16.82
2020-04-03,9.6,13.57,19.58,6.58,16.22
2020-04-06,9.99,14.95,20.58,6.96,16.41
2020-04-07,10.45,15.78,21.75,7.13,18.4
2020-04-08,10.37,16.06,22.49,7.48,19.72
2020-04-09,10.19,15.89,22.29,7.42,18.89
2020-04-13,10.19,16.32,22.33,7.56,19.36
2020-04-14,10.19,16.71,22.36,7.57,19.19
2020-04-15,10.03,16.06,21.81,7.49,18.74
2020-04-16,9.65,15.74,21.55,7.53,18.75
2020-04-17,9.77,15.95,21.68,7.38,18.97
2020-04-20,9.78,15.57,21.58,7.33,19.28
2020-04-22,9.79,15.57,21.35,7.33,20.18
2020-04-23,9.73,15.12,20.81,7.25,19.53
2020-04-24,9.36,13.46,20.07,6.82,19.09
2020-04-27,9.78,13.9,20.31,7.09,20.02
2020-04-28,9.86,15.27,22.02,7.44,20.51
2020-04-29,9.83,15.86,22.26,7.69,20.42
2020-04-30,9.55,14.84,21.55,7.37,19.7
2020-05-04,9.91,14.27,20.68,7.11,19.65
2020-05-05,10.06,14.25,21.37,7.16,19.24
2020-05-06,9.97,13.92,21.08,7.09,19.15
2020-05-07,9.72,13.47,20.39,6.9,19.28
2020-05-08,10.14,14.07,20.92,7.06,18.86
2020-05-11,10.06,13.82,21.28,6.97,19.15
2020-05-12,9.87,13.38,20.49,6.7,18.49
2020-05-13,9.49,13.28,20.44,6.92,18.74
2020-05-14,9.89,13.86,21.07,6.95,18.42
2020-05-15,9.81,13.37,20.24,6.65,17.96
2020-05-18,10.19,14.01,20.96,6.93,18.06
2020-05-19,10.06,13.53,20.21,6.75,18.21
2020-05-20,10.23,13.79,20.34,6.79,18.56
2020-05-21,10.01,14.63,21.09,7.06,18.47
2020-05-22,9.89,14.4,21.21,7.26,18.37
2020-05-25,10.34,15.55,22.23,7.46,18.76
2020-05-26,10.56,14.85,21.47,7.25,19.93
2020-05-27,11.27,15.08,22.29,7.31,20.01
2020-05-28,10.8,14.95,21.78,7.24,20.06
2020-05-29,10.51,15.06,21.51,7.22,20.63
2020-06-01,10.61,15.54,22.12,7.42,20.79
2020-06-02,10.93,16.13,23.29,7.68,20.92
2020-06-03,11.16,16.86,24.03,7.91,21.01
2020-06-04,11.27,16.93,24.72,7.98,21.6
2020-06-05,11.84,17.31,25.24,7.98,21.86
2020-06-08,12.3,18.14,25.81,8.17,22.59
2020-06-09,12.06,17.96,25.54,8.18,22.59
2020-06-10,11.76,17.24,24.63,7.98,22.19
2020-06-12,11.43,16.84,24.0,7.77,21.82
2020-06-15,11.31,16.55,23.35,7.63,21.83
2020-06-16,11.17,17.09,23.84,7.72,22.08
2020-06-17,11.6,17.32,24.05,7.9,22.77
2020-06-18,11.52,17.31,24.67,8.01,22.75
2020-06-19,11.66,16.93,25.89,7.91,22.79
2020-06-22,11.89,16.63,24.83,7.91,22.49
2020-06-23,11.74,16.64,24.61,7.91,22.75
2020-06-24,11.52,16.27,24.08,7.77,22.71
2020-06-25,11.95,16.62,24.22,7.83,24.27
2020-06-26,11.75,16.15,23.65,7.67,24.66
2020-06-29,12.01,16.56,24.26,7.74,24.64
2020-06-30,11.91,16.05,23.54,7.6,24.98
2020-07-01,12.1,16.32,23.86,7.74,25.54
2020-07-02,11.94,16.47,24.12,7.9,26.02
2020-07-03,11.91,16.47,24.09,7.97,26.22
2020-07-06,12.1,17.57,24.89,8.1,25.84
2020-07-07,12.17,16.85,24.3,7.94,26.18
2020-07-08,12.39,17.42,24.69,8.05,26.37
2020-07-09,12.33,17.2,24.67,8.05,26.45
2020-07-10,12.51,17.33,24.8,8.04,26.56
2020-07-13,11.79,16.98,24.52,7.98,26.68
2020-07-14,11.72,17.22,24.74,7.99,26.22
2020-07-15,12.04,17.58,24.89,8.01,26.39
2020-07-16,11.84,17.29,24.53,7.99,26.49
2020-07-17,11.93,17.62,24.63,8.08,28.21
2020-07-20,11.9,17.84,24.88,8.13,29.22
2020-07-21,12.37,18.14,25.12,8.24,29.08
2020-07-22,12.39,17.92,24.83,8.32,33.12
2020-07-23,12.13,17.69,24.41,8.21,32.53
2020-07-24,12.58,17.56,24.29,8.21,32.4
2020-07-27,12.87,18.29,25.18,8.43,34.03
2020-07-28,12.71,18.15,25.15,8.4,32.69
2020-07-29,12.76,18.69,25.61,8.66,32.59
2020-07-30,12.26,18.22,25.28,8.59,33.09
2020-07-31,11.71,17.57,24.44,8.43,32.77
2020-08-03,11.55,17.5,24.75,8.4,32.39
2020-08-04,11.29,16.98,23.66,8.12,32.5
2020-08-05,11.1,17.08,18.45,8.22,33.18
2020-08-06,11.17,15.48,18.75,8.3,33.98
2020-08-07,11.21,15.38,18.41,8.24,33.31
2020-08-10,11.15,15.51,18.62,8.35,33.57
2020-08-11,11.3,15.31,18.48,8.24,32.78
2020-08-12,11.36,15.23,18.41,8.17,33.09
2020-08-13,11.13,14.79,17.91,8.1,33.52
2020-08-14,11.17,14.91,17.91,8.14,33.66
2020-08-17,10.83,14.51,17.55,8.05,33.07
2020-08-18,11.02,14.72,17.77,8.13,32.94
2020-08-19,10.83,14.67,17.71,7.95,32.05
2020-08-20,10.85,14.57,17.66,7.85,32.71
2020-08-21,10.93,14.64,17.69,7.73,32.89
2020-08-24,10.83,14.86,17.93,7.77,32.34
2020-08-25,10.74,14.86,17.86,7.67,33.23
2020-08-26,10.7,14.52,17.47,7.46,32.32
2020-08-27,10.68,14.83,17.64,7.52,32.25
2020-08-28,10.74,15.11,17.82,7.6,32.69
2020-08-31,10.37,14.42,17.31,7.49,31.44
2020-09-01,10.66,14.87,17.78,7.45,32.57
2020-09-02,10.75,14.87,17.71,7.4,32.51
2020-09-03,10.61,15.44,17.94,7.49,31.35
2020-09-04,10.61,15.42,18.24,7.52,31.38
2020-09-08,10.4,15.12,17.84,7.51,30.65
2020-09-09,10.4,15.16,17.74,7.59,31.59
2020-09-10,10.37,14.65,17.44,7.42,30.37
2020-09-11,10.14,14.32,17.2,7.35,30.21
2020-09-14,10.59,14.54,17.43,7.41,30.81
2020-09-15,10.86,14.35,17.25,7.37,31.18
2020-09-16,10.58,14.44,17.13,7.33,30.62
2020-09-17,11.09,14.5,17.14,7.41,30.57
2020-09-18,10.78,14.24,16.9,7.19,30.16
2020-09-21,10.72,13.99,16.79,7.22,30.85
2020-09-22,10.78,14.13,16.84,7.15,31.44
2020-09-23,10.48,13.76,16.52,7.0,30.41
2020-09-24,10.67,13.98,16.76,7.23,31.38
2020-09-25,10.82,13.95,16.72,7.28,31.26
2020-09-28,10.51,13.82,16.71,7.11,30.62
2020-09-29,10.4,13.57,16.37,7.0,31.61
2020-09-30,10.56,13.67,16.41,7.07,31.98
2020-10-01,10.7,13.69,16.49,7.11,32.57
2020-10-02,10.56,13.76,16.53,7.18,32.64
2020-10-05,10.79,14.06,16.57,7.12,34.17
2020-10-06,11.24,13.98,16.52,7.12,34.8
2020-10-07,11.4,13.8,16.46,7.12,35.62
2020-10-08,11.52,14.58,17.29,7.43,36.6
2020-10-09,11.43,14.55,17.23,7.34,37.44
2020-10-13,11.58,14.56,17.18,7.41,38.53
2020-10-14,11.63,14.59,17.05,7.36,39.23
2020-10-15,11.32,14.56,16.94,7.38,39.32
2020-10-16,11.18,14.17,16.66,7.24,39.94
2020-10-19,11.08,14.34,16.79,7.32,39.95
2020-10-20,11.27,14.88,17.35,7.47,40.67
2020-10-21,11.26,15.01,17.46,7.65,38.17
2020-10-22,11.43,15.52,18.17,7.56,39.97
2020-10-23,11.7,15.49,17.98,7.61,39.76
2020-10-26,11.96,15.67,18.15,7.72,40.28
2020-10-27,11.56,15.26,17.68,7.53,40.52
2020-10-28,11.26,14.34,16.98,7.28,38.53
2020-10-29,10.86,14.23,17.29,7.29,38.96
2020-10-30,10.26,13.8,16.88,7.19,36.92
2020-11-03,10.77,14.15,17.13,7.19,37.64
2020-11-04,10.8,14.15,17.8,7.31,40.02
2020-11-05,11.23,14.43,18.19,7.69,41.74
2020-11-06,11.16,14.44,18.26,7.65,40.89
2020-11-09,11.98,15.76,19.49,7.82,39.98
2020-11-10,12.81,16.64,20.01,8.08,38.47
2020-11-11,12.55,16.67,19.94,8.09,39.23
2020-11-12,12.32,16.08,19.41,7.89,39.34
2020-11-13,12.73,16.52,19.83,7.96,40.34
2020-11-16,12.94,17.25,20.37,8.0,39.71
2020-11-17,13.02,17.34,20.35,8.06,39.77
2020-11-18,12.5,16.94,19.88,7.88,39.48
2020-11-19,12.41,16.94,19.97,7.89,39.4
2020-11-20,12.13,16.78,19.75,7.84,38.95
2020-11-23,12.35,16.82,20.03,7.95,38.22
2020-11-24,12.43,17.44,20.47,8.05,37.46
2020-11-25,12.21,17.15,20.26,8.04,37.64
2020-11-26,12.15,16.86,19.9,7.91,37.83
2020-11-27,12.06,16.74,20.08,7.99,37.49
2020-11-30,11.78,16.46,19.8,7.68,35.82
2020-12-01,12.37,17.33,20.59,8.15,35.83
2020-12-02,12.54,17.49,20.61,8.09,35.65
2020-12-03,12.38,17.37,20.61,8.27,35.99
2020-12-04,12.42,17.46,20.72,8.22,34.95
2020-12-07,12.61,17.52,20.78,8.22,34.86
2020-12-08,12.68,17.33,20.64,8.23,35.39
2020-12-09,12.86,17.29,20.86,8.23,34.56
2020-12-10,13.22,18.04,21.47,8.34,34.56
2020-12-11,13.06,18.02,21.34,8.38,34.56
2020-12-14,12.91,18.06,21.0,8.38,34.35
2020-12-15,13.11,18.16,21.15,8.46,35.42
2020-12-16,13.33,18.58,21.66,8.53,35.68
2020-12-17,13.53,18.82,21.66,8.53,36.89
2020-12-18,13.71,18.67,21.62,8.54,35.47
2020-12-21,13.33,18.22,21.13,8.53,35.07
2020-12-22,13.41,18.51,21.26,8.43,35.47
2020-12-23,13.4,18.9,21.59,8.64,35.37
2020-12-28,13.64,19.06,21.92,8.66,36.77
2020-12-29,13.79,19.06,21.83,8.77,36.6
2020-12-30,13.53,18.69,21.53,8.68,36.89
2021-01-04,13.39,18.23,21.17,8.61,36.35
2021-01-05,13.67,18.14,21.12,8.54,38.58
2021-01-06,13.88,18.52,21.6,8.58,39.72
2021-01-07,13.88,19.05,22.29,8.87,41.24
2021-01-08,14.29,18.9,22.36,8.79,43.73
2021-01-11,13.92,18.62,21.92,8.51,42.39
2021-01-12,14.53,18.63,22.01,8.6,43.87
2021-01-13,13.98,18.28,21.67,8.56,43.97
2021-01-14,14.13,18.86,22.15,8.83,43.77
2021-01-15,13.86,18.16,21.51,8.49,41.97
2021-01-18,14.09,18.24,21.44,8.49,44.91
2021-01-19,14.14,17.9,21.27,8.37,43.64
2021-01-20,13.92,17.54,20.95,8.37,43.2
2021-01-21,13.56,17.23,20.63,8.25,42.69
2021-01-22,13.16,16.94,20.12,8.23,43.33
2021-01-26,13.38,16.58,19.7,8.14,43.32
2021-01-27,13.37,16.72,19.77,8.17,42.98
2021-01-28,13.5,17.23,20.53,8.31,42.85
2021-01-29,13.13,16.72,19.95,8.19,40.81
2021-02-01,13.55,17.08,20.35,8.21,41.18
2021-02-02,13.56,17.05,20.05,8.35,41.4
2021-02-03,13.62,17.15,19.98,8.31,43.19
2021-02-04,13.55,17.68,19.9,8.26,41.68
2021-02-05,13.48,17.56,19.8,8.3,41.16
2021-02-08,12.98,17.25,19.44,8.17,41.64
2021-02-09,13.0,17.41,19.56,8.18,41.41
2021-02-10,13.04,17.24,19.43,8.08,41.9
2021-02-11,12.99,17.29,19.44,8.1,42.37
2021-02-12,12.85,17.32,19.42,8.06,42.21
2021-02-17,13.27,17.15,19.47,8.05,40.89
2021-02-18,12.85,16.91,19.46,8.02,40.61
2021-02-19,12.94,16.85,19.3,7.99,40.54
2021-02-22,12.67,15.89,18.23,7.86,40.29
2021-02-23,12.76,16.62,19.29,7.96,40.75
2021-02-24,12.75,16.51,18.92,7.99,42.23
2021-02-25,12.31,16.09,18.41,7.79,38.72
2021-02-26,12.18,15.94,18.18,7.65,38.02
2021-03-01,11.96,15.42,17.67,7.44,38.16
2021-03-02,12.16,15.69,18.31,7.68,37.7
2021-03-03,12.31,16.01,18.31,7.75,37.67
2021-03-04,12.84,16.54,18.66,7.89,35.83
2021-03-05,13.1,17.45,19.32,8.04,35.74
2021-03-08,12.76,16.77,18.66,7.65,33.83
2021-03-09,13.17,16.8,18.9,7.82,34.98
2021-03-10,13.27,17.05,19.02,7.96,35.36
2021-03-11,13.11,17.39,19.08,7.81,35.19
2021-03-12,13.06,17.15,19.0,7.84,34.81
2021-03-15,13.29,17.32,19.18,7.8,35.82
2021-03-16,13.08,17.01,18.93,7.74,35.91
2021-03-17,13.4,17.61,19.45,7.94,35.81
2021-03-18,13.29,17.94,19.52,7.93,35.13
2021-03-19,13.46,18.05,19.53,7.93,35.2
2021-03-22,13.5,17.98,19.63,8.05,34.88
2021-03-23,13.1,17.8,19.29,7.88,35.04
2021-03-24,12.86,17.52,19.08,7.84,34.5
2021-03-25,13.02,17.87,19.36,7.92,34.77
2021-03-26,13.16,18.02,19.66,7.93,35.59
2021-03-29,13.29,18.15,19.47,8.03,35.29
2021-03-30,13.55,18.58,19.84,7.97,36.74
2021-03-31,13.28,18.22,19.59,7.86,36.5
2021-04-01,13.03,17.59,19.1,7.79,36.74
2021-04-05,13.27,17.8,19.2,7.88,37.65
2021-04-06,13.37,17.45,18.99,7.81,37.74
2021-04-07,13.22,17.33,18.99,7.83,37.28
2021-04-08,13.42,17.31,18.8,7.79,37.43
2021-04-09,13.35,17.18,18.72,7.76,36.96
2021-04-12,13.48,17.55,19.06,7.82,36.96
2021-04-13,13.58,17.45,19.06,7.77,36.7
2021-04-14,13.74,17.62,19.26,7.83,37.31
2021-04-15,13.79,17.68,19.26,7.85,38.33
2021-04-16,13.73,17.93,19.37,7.85,37.71
2021-04-19,13.67,17.71,19.19,7.81,37.1
2021-04-20,13.57,17.44,19.07,7.79,36.16
2021-04-22,13.81,17.3,19.06,7.8,35.67
2021-04-23,13.77,17.63,19.2,7.81,36.81
2021-04-26,13.55,17.63,19.11,7.85,36.53
2021-04-27,13.28,17.48,18.89,7.8,36.23
2021-04-28,13.22,18.32,19.61,7.93,35.73
2021-04-29,13.26,17.7,19.16,7.84,34.74
2021-04-30,12.98,17.63,19.14,7.84,34.27
2021-05-03,12.86,18.14,19.42,7.85,33.73
2021-05-04,12.72,17.58,18.7,7.74,32.99
2021-05-05,12.91,17.7,19.19,7.8,33.98
2021-05-06,14.06,17.76,18.94,7.81,33.02
2021-05-07,14.08,17.92,19.19,7.78,32.72
2021-05-10,14.34,18.33,19.52,7.91,31.63
2021-05-11,14.66,18.29,19.42,7.96,31.61
2021-05-12,14.66,17.9,19.14,7.81,30.61
2021-05-13,14.67,18.45,19.71,7.98,31.13
2021-05-14,14.93,18.57,20.02,7.99,31.42
2021-05-17,15.12,18.59,20.12,8.31,31.49
2021-05-18,15.14,18.79,20.11,8.2,31.72
2021-05-19,15.26,18.89,20.29,8.23,30.94
2021-05-20,15.24,19.1,20.5,8.24,31.19
2021-05-21,15.3,19.16,20.47,8.3,31.04
2021-05-24,15.32,19.22,20.54,8.23,31.96
2021-05-25,15.3,19.04,20.43,8.27,32.28
2021-05-26,15.18,19.49,20.65,8.37,32.11
2021-05-27,15.37,19.55,20.58,8.24,32.12
2021-05-28,15.51,19.51,20.77,8.37,33.68
2021-05-31,15.6,19.51,20.84,8.32,33.43
2021-06-01,16.31,19.86,21.44,8.57,33.47
2021-06-02,16.83,20.46,22.02,8.69,32.75
2021-06-04,16.84,20.57,22.41,8.9,33.5
2021-06-07,17.03,20.85,22.88,9.04,33.41
2021-06-08,17.02,20.77,22.71,8.89,33.3
2021-06-09,16.78,20.48,23.04,8.82,33.53
2021-06-10,16.79,20.63,23.07,8.82,33.22
2021-06-11,16.46,20.37,22.78,8.59,33.49
2021-06-14,16.93,20.37,22.63,8.59,34.15
2021-06-15,16.62,20.34,22.64,8.64,34.71
2021-06-16,16.59,20.38,23.02,8.65,34.1
2021-06-17,16.52,20.27,22.81,8.59,33.7
2021-06-18,16.3,19.98,22.29,8.55,34.45
2021-06-21,16.27,19.97,22.47,8.52,34.51
2021-06-22,15.89,19.73,22.35,8.52,33.57
2021-06-23,15.63,19.7,22.16,8.47,33.24
2021-06-24,15.6,19.7,22.1,8.46,33.61
2021-06-25,14.73,19.19,21.51,8.3,32.85
2021-06-28,15.2,19.05,21.28,8.2,33.31
2021-06-29,15.02,18.89,21.13,8.17,33.99
2021-06-30,14.83,18.67,20.99,8.12,33.0
2021-07-01,14.94,18.49,20.82,8.04,33.55
2021-07-02,15.14,18.79,20.94,8.15,34.54
2021-07-05,15.59,18.56,20.76,8.1,34.2
2021-07-06,15.25,18.28,20.57,8.05,33.84
2021-07-07,15.44,18.42,20.79,8.22,35.32
2021-07-08,15.08,18.15,20.59,8.21,34.02
2021-07-12,15.34,18.54,20.9,8.26,34.85
2021-07-13,15.47,18.6,20.94,8.34,34.46
2021-07-14,15.56,18.84,21.1,8.39,34.29
2021-07-15,15.31,18.75,20.68,8.29,34.21
2021-07-16,15.14,18.42,20.42,8.27,33.59
2021-07-19,14.78,18.17,20.22,8.09,33.48
2021-07-20,14.8,18.36,20.57,8.12,33.84
2021-07-21,14.94,18.45,20.61,8.2,33.75
2021-07-22,14.8,18.27,20.41,8.18,34.38
2021-07-23,14.55,18.09,20.36,8.13,34.09
2021-07-26,14.85,18.22,20.7,8.21,33.94
2021-07-27,14.7,18.27,20.9,8.21,33.69
2021-07-28,15.06,18.62,21.61,8.31,36.44
2021-07-29,14.88,18.52,21.78,8.31,35.39
2021-07-30,14.46,18.06,21.57,8.12,34.98
2021-08-02,14.65,18.21,21.77,8.3,36.06
2021-08-03,14.83,18.33,21.95,8.31,35.83
2021-08-04,14.45,17.68,21.31,8.17,35.49
2021-08-05,14.44,17.38,21.51,8.17,35.28
2021-08-06,14.86,17.75,21.96,8.32,35.66
2021-08-09,14.91,17.73,22.12,8.42,35.58
2021-08-10,14.52,17.42,21.83,8.3,35.51
2021-08-11,14.4,17.54,22.06,8.47,35.57
2021-08-12,14.41,17.36,21.69,8.2,34.94
2021-08-13,14.47,17.48,21.94,8.27,35.2
2021-08-16,14.25,17.3,21.65,8.18,33.86
2021-08-17,14.18,17.29,21.68,8.04,34.13
2021-08-18,14.31,17.06,21.77,8.17,33.04
2021-08-19,14.94,17.17,21.55,8.12,34.62
2021-08-20,15.24,17.1,21.66,8.11,35.4
2021-08-23,15.08,17.13,21.88,8.12,35.18
2021-08-24,15.28,17.63,22.33,8.26,35.09
2021-08-25,15.27,17.58,22.51,8.27,35.8
2021-08-26,14.87,17.23,22.14,8.17,36.18
2021-08-27,14.81,17.45,22.42,8.28,36.31
2021-08-30,14.93,17.3,22.38,8.19,36.09
2021-08-31,14.86,17.45,22.58,8.29,34.99
2021-09-01,15.0,17.47,22.98,8.42,35.71
2021-09-02,14.35,16.81,22.08,8.18,35.17
2021-09-03,14.39,16.81,21.68,8.11,35.67
2021-09-06,14.94,16.98,22.16,8.29,35.8
2021-09-08,14.08,15.9,20.98,7.88,35.9
2021-09-09,14.17,16.02,21.29,7.96,38.22
2021-09-10,13.99,15.85,21.15,7.95,38.04
2021-09-13,14.21,16.12,21.42,8.0,38.27
2021-09-14,14.28,16.0,21.25,8.15,38.75
2021-09-15,13.92,15.88,20.96,7.99,39.2
2021-09-16,14.01,15.58,20.97,8.01,39.26
2021-09-17,13.68,15.14,20.41,7.86,38.56
2021-09-20,13.56,14.62,20.03,7.62,38.26
2021-09-21,13.61,14.81,20.01,7.75,39.11
2021-09-22,13.66,15.14,20.49,7.87,39.92
2021-09-23,13.8,15.66,21.19,8.02,40.51
2021-09-24,13.76,15.45,20.9,7.92,40.68
2021-09-27,13.75,15.78,21.45,8.03,40.22
2021-09-28,13.42,15.42,20.92,7.93,40.04
2021-09-29,13.46,15.65,21.24,8.06,39.25
2021-09-30,13.29,15.64,21.3,8.08,39.01
2021-10-01,13.27,15.98,21.99,8.21,39.54
2021-10-04,13.07,15.4,21.47,8.04,38.18
2021-10-05,13.19,15.75,21.6,8.11,36.95
2021-10-06,13.12,15.82,21.74,8.15,36.93
2021-10-07,13.1,15.48,21.4,8.04,36.97
2021-10-08,13.35,15.72,21.52,8.12,38.05
2021-10-11,13.24,15.42,21.09,8.02,38.02
2021-10-13,13.48,15.5,21.07,8.02,39.95
2021-10-14,13.46,15.35,20.91,7.92,39.97
2021-10-15,13.49,16.03,21.31,8.04,39.49
2021-10-18,13.57,16.2,21.56,8.11,39.73
2021-10-19,13.15,15.67,21.0,7.81,38.74
2021-10-20,13.34,16.18,21.55,8.01,39.49
2021-10-21,13.15,15.78,21.27,7.66,38.74
2021-10-22,13.03,15.26,20.48,7.52,38.28
2021-10-25,13.27,15.51,20.95,7.67,38.93
2021-10-26,13.17,15.15,20.75,7.59,39.04
2021-10-27,13.22,15.4,20.82,7.66,38.59
2021-10-28,14.51,15.26,20.69,7.53,37.24
2021-10-29,14.76,14.9,20.28,7.39,36.42
2021-11-01,15.08,15.39,21.01,7.53,36.38
2021-11-03,15.49,15.35,21.24,7.64,37.09
2021-11-04,15.54,14.52,20.19,7.43,37.13
2021-11-05,15.55,15.1,19.94,7.39,37.09
2021-11-08,15.41,14.81,19.89,7.31,36.52
2021-11-09,15.54,14.69,19.68,7.24,36.22
2021-11-10,15.42,15.38,20.17,7.38,35.71
2021-11-11,15.3,15.53,20.18,7.38,35.93
2021-11-12,15.21,15.59,20.15,7.38,35.09
2021-11-16,15.21,15.55,19.93,7.23,34.83
2021-11-17,15.24,15.6,19.9,7.27,35.21
2021-11-18,15.29,15.41,19.56,7.18,35.36
2021-11-19,15.11,15.44,19.53,7.24,35.23
2021-11-22,15.05,15.24,19.5,7.13,34.13
2021-11-23,14.94,15.61,19.67,7.23,33.63
2021-11-24,14.86,15.89,20.2,7.34,33.01
2021-11-25,14.97,15.95,20.37,7.35,33.27
2021-11-26,14.5,15.39,19.91,7.2,32.18
2021-11-29,14.2,15.31,19.83,7.23,31.91
2021-11-30,13.95,14.94,19.66,7.06,31.73
2021-12-01,13.78,14.86,19.59,7.1,31.98
2021-12-02,13.91,15.6,20.22,7.32,32.21
2021-12-03,13.9,15.65,20.26,7.23,32.27
2021-12-06,13.97,15.83,20.44,7.28,32.5
2021-12-07,13.99,15.62,20.16,7.28,34.02
2021-12-08,13.97,15.58,19.98,7.26,35.48
2021-12-09,13.74,15.11,19.53,7.16,35.93
2021-12-10,13.86,15.11,19.54,7.18,35.24
2021-12-13,13.91,14.86,19.11,7.08,35.05
2021-12-14,14.05,15.07,19.19,7.25,34.74
2021-12-15,13.97,15.06,19.15,7.21,35.06
2021-12-16,13.99,15.22,19.34,7.22,35.05
2021-12-17,13.96,14.79,18.9,7.22,34.31
2021-12-20,13.92,14.51,18.68,7.11,33.51
2021-12-21,13.9,14.45,18.61,7.15,33.42
2021-12-22,13.89,14.48,18.78,7.06,33.18
2021-12-23,14.04,14.46,18.86,7.08,32.98
2021-12-27,14.02,14.62,19.04,7.1,32.68
2021-12-28,14.01,14.61,18.97,7.18,32.8
2021-12-29,13.95,14.5,18.91,7.2,32.26
2021-12-30,13.92,14.41,18.69,7.13,32.5
2022-01-03,13.84,14.73,18.99,7.05,31.55
2022-01-04,13.82,14.8,19.41,7.09,31.39
2022-01-05,13.55,14.7,19.02,7.08,29.74
2022-01-06,13.33,14.86,19.36,7.05,29.73
2022-01-07,13.12,14.93,19.66,7.22,28.98
2022-01-10,13.23,15.12,19.77,7.18,28.14
2022-01-11,13.25,15.27,20.06,7.24,28.61
2022-01-12,13.43,15.14,20.07,7.3,29.78
2022-01-13,13.53,15.31,20.32,7.48,28.53
2022-01-14,13.63,15.54,20.33,7.52,30.25
2022-01-17,13.36,15.63,20.27,7.45,29.9
2022-01-18,13.16,15.72,20.4,7.58,30.09
2022-01-19,13.13,15.7,20.24,7.59,30.05
2022-01-20,13.08,15.63,20.07,7.62,30.29
2022-01-21,13.26,15.55,20.07,7.49,30.16
2022-01-24,13.27,15.71,20.07,7.49,29.46
2022-01-25,13.6,16.25,20.7,7.69,29.76
2022-01-26,13.54,16.26,20.9,7.77,30.29
2022-01-27,13.9,16.37,21.05,7.81,31.92
2022-01-28,13.48,16.57,21.31,7.87,31.16
2022-01-31,13.51,16.75,21.64,8.01,31.69
2022-02-01,13.41,16.75,21.89,7.9,31.59
2022-02-02,13.11,16.47,21.6,7.84,31.3
2022-02-03,13.05,16.71,21.78,7.86,30.5
2022-02-04,13.01,16.74,21.9,8.02,30.4
2022-02-07,12.9,16.77,21.8,7.97,30.55
2022-02-08,12.78,16.83,21.94,7.99,29.78
2022-02-09,13.13,15.35,21.07,7.9,29.85
2022-02-10,13.32,15.47,21.35,8.0,29.3
2022-02-11,13.42,15.63,22.41,8.2,29.1
2022-02-14,13.6,15.75,22.24,8.27,29.99
2022-02-15,13.88,15.93,22.49,8.29,32.4
2022-02-16,13.61,16.06,22.4,8.33,30.84
2022-02-17,13.41,15.9,21.99,8.19,30.2
2022-02-18,13.33,15.97,22.1,8.22,29.37
2022-02-21,13.04,15.71,21.66,7.98,29.29
2022-02-22,13.28,15.71,21.8,7.98,29.3
2022-02-23,13.37,15.52,21.55,7.87,28.38
2022-02-24,13.4,15.17,21.1,7.38,29.09
2022-02-25,13.72,15.22,21.42,7.53,28.34
2022-03-02,13.11,15.09,21.05,7.51,29.16
2022-03-03,12.8,15.28,21.05,7.51,30.13
2022-03-04,12.58,14.99,18.18,7.44,30.38
2022-03-07,12.12,12.9,17.78,7.23,29.96
2022-03-08,12.13,13.01,17.73,7.15,30.44
2022-03-09,12.58,13.76,18.5,7.5,31.5
2022-03-10,12.08,13.63,18.4,7.41,30.58
2022-03-11,11.9,13.51,18.4,7.38,30.26
2022-03-14,12.02,13.65,18.55,7.41,29.91
2022-03-15,12.16,13.58,18.65,7.38,29.11
2022-03-16,12.44,13.81,19.11,7.48,30.83
2022-03-17,12.58,13.91,19.51,7.65,31.91
2022-03-18,12.86,13.88,19.68,7.76,32.09
2022-03-21,12.8,14.14,20.05,7.93,31.38
2022-03-22,12.98,14.32,20.38,8.07,31.81
2022-03-23,12.81,14.24,20.26,8.1,31.57
2022-03-24,12.82,14.4,20.25,8.13,31.94
2022-03-25,12.93,14.59,20.27,8.21,31.7
2022-03-28,13.31,14.53,20.26,8.1,32.43
2022-03-29,13.77,14.71,20.68,8.23,32.77
2022-03-30,13.69,14.65,20.69,8.13,32.96
2022-03-31,13.9,14.49,20.41,8.15,33.65
2022-04-01,13.89,14.39,20.46,8.13,34.15
2022-04-04,13.71,14.34,20.34,8.08,33.8
2022-04-05,13.6,13.96,19.82,7.96,33.42
2022-04-06,13.5,13.85,19.75,7.93,33.13
2022-04-07,13.6,13.9,19.75,7.82,32.93
2022-04-08,13.48,13.97,19.81,7.87,32.95
2022-04-11,13.72,14.0,19.71,7.79,31.42
2022-04-12,13.59,13.9,19.38,7.78,31.24
2022-04-13,13.39,14.04,19.42,7.68,31.43
2022-04-14,13.27,14.07,19.56,7.69,31.16
2022-04-18,13.28,14.34,19.62,7.72,30.8
2022-04-19,13.23,14.09,19.37,7.68,30.28
2022-04-20,13.3,14.04,19.39,7.67,30.32
2022-04-22,13.32,13.83,19.02,7.53,30.22
2022-04-25,13.65,13.76,19.08,7.6,30.12
2022-04-26,13.32,13.24,18.5,7.33,28.93
2022-04-27,13.25,13.24,18.23,7.3,30.53
2022-04-28,13.28,13.12,18.07,7.34,30.04
2022-04-29,13.11,13.02,17.38,7.22,29.05
2022-05-02,13.06,12.91,17.59,7.16,27.93
2022-05-03,12.86,12.97,17.69,7.03,27.42
2022-05-04,12.95,13.12,17.66,7.24,27.93
2022-05-05,12.39,12.73,17.3,7.01,27.18
2022-05-06,12.21,12.98,17.5,7.04,26.2
2022-05-09,12.36,13.17,17.39,6.89,25.73
2022-05-10,12.39,13.21,17.34,6.9,25.21
2022-05-11,12.59,13.43,17.76,6.9,25.19
2022-05-12,13.07,13.5,18.12,7.02,25.49
2022-05-13,13.13,13.69,18.31,7.07,25.58
2022-05-16,13.26,13.99,18.39,7.22,25.29
2022-05-17,13.3,14.26,18.65,7.24,25.97
2022-05-18,12.84,14.0,18.4,7.17,25.51
2022-05-19,12.77,13.97,18.39,7.14,24.64
2022-05-20,12.66,14.24,18.56,7.26,25.08
2022-05-23,12.71,13.89,19.03,7.33,25.64
2022-05-24,12.76,14.16,19.35,7.32,25.17
2022-05-25,12.67,14.02,18.97,7.26,24.43
2022-05-26,12.83,14.08,19.15,7.24,24.81
2022-05-27,12.83,14.18,19.31,7.18,25.31
2022-05-30,12.72,14.07,19.21,7.14,24.65
2022-05-31,12.81,14.25,19.38,7.15,24.49
2022-06-01,12.75,14.02,19.13,7.17,25.3
2022-06-02,12.75,14.03,19.13,7.23,25.41
2022-06-03,12.71,13.95,18.84,7.04,24.98
2022-06-06,12.68,13.86,18.84,7.13,25.04
2022-06-07,12.39,13.74,18.89,7.09,25.01
2022-06-08,12.42,13.59,18.55,7.06,23.52
2022-06-09,12.29,13.6,18.17,6.94,23.63
2022-06-10,12.27,13.43,17.74,6.93,23.13
2022-06-13,12.03,13.21,17.45,6.86,22.96
2022-06-14,11.87,13.11,17.39,6.8,23.37
2022-06-15,11.79,13.21,17.35,6.79,23.13
2022-06-17,11.76,13.0,17.14,6.89,22.0
2022-06-20,11.78,13.26,17.87,6.84,23.23
2022-06-21,11.89,13.16,17.79,6.83,24.38
2022-06-22,12.01,13.09,17.6,6.83,24.85
2022-06-23,12.03,12.78,17.19,6.8,24.97
2022-06-24,12.34,12.76,17.15,6.69,25.5
2022-06-27,12.39,12.87,17.34,6.72,25.03
2022-06-28,12.21,12.75,17.23,6.7,25.24
2022-06-29,12.29,12.56,17.07,6.63,25.13
2022-06-30,12.1,12.27,16.75,6.57,25.53
2022-07-01,12.42,12.3,16.8,6.48,25.58
2022-07-04,12.35,12.17,16.69,6.52,25.57
2022-07-05,12.72,12.21,16.79,6.48,26.08
2022-07-06,12.85,12.17,16.68,6.46,26.16
2022-07-07,12.85,12.32,16.98,6.56,26.65
2022-07-08,12.92,12.37,17.01,6.59,26.32
2022-07-11,12.73,12.18,16.8,6.49,25.56
2022-07-12,12.45,12.14,16.79,6.42,25.57
2022-07-13,13.15,11.91,16.75,6.34,25.7
2022-07-14,13.4,11.65,16.51,6.38,25.39
2022-07-15,13.17,11.75,16.83,6.52,25.53
2022-07-18,13.08,11.84,16.97,6.53,25.12
2022-07-19,13.07,12.25,17.43,6.65,25.93
2022-07-20,12.91,12.05,17.14,6.63,24.99
2022-07-21,13.14,12.2,17.3,6.69,24.36
2022-07-22,13.1,12.1,17.15,6.63,24.85
2022-07-25,13.25,12.23,17.38,6.64,25.6
2022-07-26,13.38,12.2,17.3,6.64,25.32
2022-07-27,13.52,12.27,17.28,6.71,25.97
2022-07-28,13.63,12.32,17.38,6.76,27.0
2022-07-29,13.48,12.37,17.41,6.86,27.1
2022-08-01,13.21,12.34,17.32,6.63,26.95
2022-08-02,13.28,12.53,17.51,6.74,27.43
2022-08-03,13.21,12.68,17.64,6.75,27.18
2022-08-04,13.25,12.99,17.99,6.77,27.85
2022-08-05,13.18,13.11,18.27,6.86,27.87
2022-08-08,13.36,13.11,18.47,6.89,28.74
2022-08-09,13.31,13.31,18.98,7.01,28.59
2022-08-10,13.69,13.52,19.3,7.01,29.65
2022-08-11,13.66,13.59,19.39,7.01,29.12
2022-08-12,13.73,13.84,19.56,7.09,29.87
2022-08-15,13.92,13.67,19.74,7.06,29.33
2022-08-16,13.99,13.91,19.96,7.11,29.57
2022-08-17,14.04,13.96,20.02,7.09,29.41
2022-08-18,14.44,14.02,19.98,7.09,29.81
2022-08-19,14.14,13.83,19.74,7.11,28.85
2022-08-22,13.92,13.68,19.52,7.07,27.98
2022-08-23,13.94,13.75,19.52,7.05,27.84
2022-08-24,14.26,13.7,19.65,7.02,27.83
2022-08-25,14.28,13.8,19.83,7.08,27.98
2022-08-26,14.15,13.73,19.77,7.0,27.85
2022-08-29,14.09,13.77,19.68,7.0,27.42
2022-08-30,13.89,13.76,19.63,7.01,27.44
2022-08-31,13.79,13.52,19.25,6.97,27.34
2022-09-01,13.93,13.52,19.39,6.89,27.43
2022-09-02,13.97,13.61,19.67,7.0,29.16
2022-09-05,14.04,13.72,19.88,7.09,29.83
2022-09-06,14.05,13.59,19.82,7.04,29.24
2022-09-08,13.99,13.54,19.75,7.04,29.16
2022-09-09,14.19,13.67,19.87,7.04,29.4
2022-09-12,14.18,13.85,20.02,7.19,30.62
2022-09-13,14.07,13.67,19.87,7.07,29.55
2022-09-14,13.88,13.59,19.74,7.07,29.56
2022-09-15,13.81,13.53,19.75,7.06,28.97
2022-09-16,13.79,13.39,19.71,7.01,29.42
2022-09-19,13.97,13.72,20.27,7.22,29.54
2022-09-20,14.23,14.22,20.84,7.39,30.05
2022-09-21,14.04,14.13,20.76,7.36,30.1
2022-09-22,14.15,14.41,21.08,7.57,29.94
2022-09-23,13.88,14.11,20.78,7.38,29.51
2022-09-26,13.79,13.8,20.35,7.21,29.51
2022-09-27,13.94,13.69,20.21,7.13,29.05
2022-09-28,14.19,13.74,20.1,7.2,29.31
2022-09-29,14.09,13.89,20.4,7.25,29.14
2022-09-30,14.03,13.93,20.47,7.37,31.07
2022-10-03,14.71,14.85,21.55,7.81,32.46
2022-10-04,14.66,14.78,21.68,7.74,32.14
2022-10-05,14.55,15.01,21.68,7.77,32.55
2022-10-06,14.47,14.83,21.42,7.75,32.61
2022-10-07,13.92,14.47,21.35,7.66,32.24
2022-10-10,13.72,14.33,21.09,7.66,33.13
2022-10-11,13.53,14.19,21.04,7.6,32.77
2022-10-13,13.55,14.01,20.89,7.57,32.36
2022-10-14,13.39,13.95,20.91,7.51,31.77
2022-10-17,13.47,14.05,21.03,7.66,32.49
2022-10-18,13.45,14.18,21.46,7.78,33.41
2022-10-19,13.44,14.28,21.52,7.85,33.5
2022-10-20,13.58,14.47,21.87,7.83,33.51
2022-10-21,13.82,14.85,22.5,8.16,34.03
2022-10-24,13.7,14.16,21.77,7.88,33.76
2022-10-25,13.46,14.06,21.68,7.84,33.89
2022-10-26,13.63,13.51,21.28,7.72,36.72
2022-10-27,14.05,13.77,21.52,7.83,37.54
2022-10-28,14.24,13.88,21.6,7.86,37.19
2022-10-31,14.44,14.23,22.14,8.08,38.94
2022-11-01,14.25,14.29,22.02,8.09,38.1
2022-11-03,14.46,14.0,22.1,8.13,38.86
2022-11-04,14.85,13.97,22.16,8.1,39.44
2022-11-07,14.77,13.6,21.74,8.07,39.54
2022-11-08,15.11,13.52,21.72,8.0,39.44
2022-11-09,14.88,11.36,20.61,7.75,39.25
2022-11-10,14.44,11.0,20.37,7.54,37.93
2022-11-11,14.53,11.13,19.96,7.67,38.66
2022-11-14,14.4,11.21,19.96,7.51,39.31
2022-11-16,13.94,11.14,19.7,7.46,37.42
2022-11-17,13.9,11.3,19.72,7.44,38.24
2022-11-18,14.1,11.35,19.89,7.44,37.97
2022-11-21,14.15,11.26,19.78,7.51,38.18
2022-11-22,14.14,11.27,19.63,7.52,37.61
2022-11-23,14.19,11.23,19.44,7.41,37.65
2022-11-24,14.48,11.43,19.9,7.59,38.44
2022-11-25,14.24,11.28,19.49,7.63,37.8
2022-11-28,14.36,11.24,19.26,7.51,36.25
2022-11-29,14.23,11.42,19.35,7.5,36.46
2022-11-30,14.37,11.78,19.63,7.75,37.7
2022-12-01,14.52,11.49,19.62,7.5,37.04
2022-12-02,14.74,11.46,19.69,7.54,37.38
2022-12-05,14.46,11.16,19.33,7.43,36.35
2022-12-06,14.49,11.32,19.5,7.41,36.46
2022-12-07,14.44,11.26,19.53,7.46,36.02
2022-12-08,14.17,11.06,18.89,7.41,35.96
2022-12-09,14.0,10.98,18.75,7.34,35.87
2022-12-12,13.76,10.77,18.49,7.3,34.87
2022-12-13,13.79,10.46,17.92,7.18,34.6
2022-12-14,13.66,10.7,18.11,7.44,35.83
2022-12-15,13.54,10.57,18.25,7.34,35.85
2022-12-16,13.41,10.63,18.32,7.3,36.21
2022-12-19,13.75,10.84,18.6,7.45,36.91
2022-12-20,13.8,11.19,19.02,7.51,37.21
2022-12-21,13.64,11.26,19.19,7.53,37.18
2022-12-22,13.7,11.3,19.24,7.52,37.7
2022-12-23,13.89,11.45,19.5,7.57,37.27
2022-12-26,13.8,11.18,19.25,7.66,36.97
2022-12-27,13.8,11.25,19.08,7.48,36.8
2022-12-28,13.83,11.6,19.57,7.57,37.47
2022-12-29,13.8,11.54,19.53,7.53,37.28
2023-01-02,13.49,11.3,19.15,7.47,36.89
2023-01-03,13.47,10.77,18.79,7.38,35.97
2023-01-04,13.54,10.86,18.81,7.36,36.21
2023-01-05,13.58,11.22,19.36,7.52,36.29
2023-01-06,13.61,11.52,19.61,7.53,36.82
2023-01-09,13.68,11.54,19.66,7.59,36.71
2023-01-10,13.82,11.78,19.98,7.67,36.36
2023-01-11,13.58,11.91,20.48,7.67,37.37
2023-01-12,13.4,11.67,20.44,7.65,37.28
2023-01-13,13.19,11.71,20.21,7.63,37.73
2023-01-16,12.54,11.45,19.81,7.49,36.49
2023-01-17,13.17,11.53,20.22,7.6,37.09
2023-01-18,13.1,11.66,20.32,7.66,36.78
2023-01-19,12.96,11.71,20.22,7.7,36.7
2023-01-20,12.86,11.49,19.95,7.6,36.14
2023-01-23,12.75,11.12,19.48,7.55,36.18
2023-01-24,12.93,11.25,19.45,7.54,36.03
2023-01-25,13.03,11.27,19.57,7.48,37.49
2023-01-26,13.06,11.24,19.49,7.48,36.99
2023-01-27,12.97,11.01,19.0,7.44,36.7
2023-01-30,12.86,11.03,19.02,7.47,36.16
2023-01-31,12.98,11.28,19.24,7.43,37.02
2023-02-01,12.53,11.13,19.09,7.27,37.17
2023-02-02,12.46,11.2,19.13,7.28,36.83
2023-02-03,12.34,10.96,19.09,7.27,36.7
2023-02-06,12.37,10.98,19.25,7.24,36.37
2023-02-07,12.32,10.91,18.97,7.11,36.47
2023-02-08,12.53,11.3,20.21,7.59,36.46
2023-02-09,12.37,11.04,19.75,7.48,36.77
2023-02-10,12.22,10.37,19.63,7.33,37.37
2023-02-13,12.48,10.67,20.29,7.49,37.35
2023-02-14,12.35,10.65,20.05,7.56,37.14
2023-02-15,12.57,10.85,20.26,7.54,37.64
2023-02-16,12.43,10.93,20.4,7.58,37.55
2023-02-17,12.54,10.92,20.47,7.49,38.36
2023-02-22,12.55,10.75,20.04,7.43,37.39
2023-02-23,12.59,10.77,20.12,7.48,38.21
2023-02-24,12.66,10.55,19.57,7.23,37.84
2023-02-27,12.73,10.54,19.35,7.07,37.78
2023-02-28,12.72,10.41,19.41,7.13,38.13
2023-03-01,12.8,10.4,19.19,7.06,38.35
2023-03-02,12.48,10.23,18.73,6.9,38.13
2023-03-03,12.46,10.2,18.73,7.0,37.82
2023-03-06,12.83,10.5,18.87,7.07,38.39
2023-03-07,12.76,10.65,19.07,7.09,38.55
2023-03-08,12.94,10.93,19.32,7.17,39.11
2023-03-09,12.92,10.88,19.07,7.14,38.81
2023-03-10,12.84,10.59,18.63,7.07,38.5
2023-03-13,12.93,10.5,18.39,6.94,38.75
2023-03-14,13.26,10.43,18.34,6.96,39.2
2023-03-15,13.32,10.63,18.36,6.95,39.02
2023-03-16,13.55,10.79,18.41,7.02,39.24
2023-03-17,13.51,10.45,18.0,6.93,38.82
2023-03-20,13.42,10.41,17.99,6.85,38.71
2023-03-21,13.26,10.38,18.23,6.89,38.96
2023-03-22,13.26,10.3,18.17,6.92,38.53
2023-03-23,13.1,10.07,17.73,6.84,38.89
2023-03-24,13.2,10.21,18.0,6.96,39.5
2023-03-27,13.24,10.35,18.23,6.99,40.16
2023-03-28,13.87,10.3,18.35,7.01,40.34
2023-03-29,14.07,10.41,18.45,7.01,40.69
2023-03-30,14.08,10.69,18.99,7.07,40.82
2023-03-31,13.62,10.62,19.09,7.13,39.54
2023-04-03,13.62,10.38,18.51,7.05,38.6
2023-04-04,13.71,10.54,18.91,7.11,38.64
2023-04-05,13.68,10.55,18.87,7.08,37.78
2023-04-06,13.71,10.45,18.82,7.04,37.65
2023-04-10,13.74,10.51,18.98,7.06,37.43
2023-04-11,14.05,10.94,19.59,7.3,38.11
2023-04-12,14.03,11.01,19.79,7.43,38.75
2023-04-13,13.87,11.12,19.68,7.46,38.39
2023-04-14,13.92,11.13,19.96,7.51,37.79
2023-04-17,14.02,11.11,19.9,7.49,38.49
2023-04-18,13.9,11.06,19.9,7.46,38.29
2023-04-19,13.86,10.84,19.57,7.43,38.13
2023-04-20,13.87,10.97,19.6,7.38,39.25
2023-04-24,13.63,10.88,19.44,7.45,39.34
2023-04-25,13.58,11.05,19.61,7.44,39.53
2023-04-26,13.5,10.85,19.46,7.39,39.11
2023-04-27,13.46,11.0,19.8,7.49,39.34
2023-04-28,13.46,11.15,20.04,7.54,40.09
2023-05-02,13.55,10.86,19.33,7.32,39.8
2023-05-03,13.86,10.9,19.17,7.31,38.9
2023-05-04,13.9,11.15,19.25,7.41,38.32
2023-05-05,13.77,11.56,19.83,7.56,38.24
2023-05-06,14.54,12.82,22.0,8.83,39.29
2023-05-08,13.79,11.8,20.22,7.61,38.22
2023-05-09,13.78,11.92,20.42,7.67,38.87
2023-05-10,13.68,11.95,20.76,7.75,38.37
2023-05-11,13.78,12.03,20.93,7.82,38.34
2023-05-12,13.73,12.01,20.84,7.73,37.94
2023-05-15,13.89,12.16,20.9,7.76,38.65
2023-05-16,13.87,12.04,20.78,7.7,38.71
2023-05-17,13.84,12.16,20.92,7.82,38.48
2023-05-18,13.83,12.19,20.89,7.79,38.32
2023-05-19,13.86,12.33,20.64,7.77,39.13
2023-05-22,13.89,12.28,20.42,7.75,39.35
2023-05-23,13.87,12.36,20.47,7.76,39.22
2023-05-24,13.93,12.1,20.35,7.68,38.83
2023-05-25,14.01,12.3,20.93,7.8,38.07
2023-05-26,14.03,12.28,20.83,7.76,38.52
2023-05-29,14.03,12.28,20.65,7.75,37.91
2023-05-30,13.76,12.05,20.55,7.74,37.38
2023-05-31,13.69,11.93,20.31,7.63,36.67
2023-06-01,13.53,12.02,20.52,7.7,36.26
2023-06-02,13.74,12.35,20.8,7.9,36.73
2023-06-05,13.69,12.5,21.01,7.92,36.69
2023-06-06,14.08,12.76,21.07,7.92,37.25
2023-06-07,14.11,12.8,21.08,7.93,37.2
2023-06-09,14.39,13.08,21.51,8.06,36.86
2023-06-12,14.41,12.96,21.41,8.02,36.81
2023-06-13,14.51,12.98,21.47,8.11,36.42
2023-06-14,14.57,13.02,21.87,8.22,36.92
2023-06-15,14.44,13.08,22.22,8.37,36.9
2023-06-16,14.32,13.08,22.14,8.29,36.91
2023-06-19,14.36,13.35,22.64,8.49,36.73
2023-06-20,14.39,13.37,22.57,8.54,36.03
2023-06-21,14.52,13.47,22.75,8.59,35.54
2023-06-22,14.78,13.23,22.72,8.46,35.49
2023-06-23,14.72,13.19,22.69,8.49,35.69
2023-06-26,14.58,13.19,22.63,8.46,35.55
2023-06-27,14.62,13.21,22.47,8.41,35.65
2023-06-28,14.46,13.04,22.31,8.32,35.72
2023-06-29,14.46,13.2,22.48,8.49,35.98
2023-06-30,14.64,13.34,22.52,8.46,36.87
2023-07-03,14.64,13.51,22.85,8.59,36.81
2023-07-04,14.39,13.38,22.82,8.51,36.32
2023-07-05,14.45,13.4,22.97,8.61,36.62
2023-07-06,14.09,13.09,22.96,8.52,36.03
2023-07-07,14.11,13.22,23.25,8.58,36.13
2023-07-10,14.26,13.23,23.02,8.64,35.44
2023-07-11,13.9,13.11,22.74,8.43,35.11
2023-07-12,13.96,13.03,22.58,8.4,35.22
2023-07-13,14.03,13.3,22.75,8.56,35.22
2023-07-14,14.01,13.24,22.52,8.47,35.16
2023-07-17,14.08,13.4,22.83,8.56,34.47
2023-07-18,13.94,13.34,22.7,8.58,35.1
2023-07-19,13.9,13.31,22.52,8.53,37.02
2023-07-20,14.18,13.39,22.86,8.59,37.27
2023-07-21,14.54,13.77,23.08,8.67,37.98
2023-07-24,14.37,13.53,22.89,8.62,40.72
2023-07-25,14.28,13.46,22.9,8.78,39.7
2023-07-26,14.24,13.57,22.92,8.73,39.68
2023-07-27,13.97,13.27,22.63,8.63,39.55
2023-07-28,14.22,13.45,22.74,8.71,39.52
2023-07-31,14.12,13.54,22.75,8.65,39.13
2023-08-01,14.23,13.5,22.74,8.65,39.07
2023-08-02,14.3,13.53,22.78,8.72,39.24
2023-08-03,13.9,13.39,22.58,8.67,39.63
2023-08-04,13.98,12.76,22.4,8.59,40.04
2023-08-07,13.95,12.67,22.36,8.65,40.12
2023-08-08,13.78,12.63,22.15,8.54,39.86
2023-08-09,13.67,12.54,21.95,8.46,39.97
2023-08-10,13.66,12.67,21.94,8.4,39.45
2023-08-11,13.65,12.61,21.82,8.44,39.01
2023-08-14,13.62,12.6,21.62,8.44,38.53
2023-08-15,13.49,12.53,21.59,8.41,38.57
2023-08-16,13.48,12.34,21.48,8.42,36.87
2023-08-17,13.51,12.12,21.41,8.31,36.18
2023-08-18,13.65,12.22,21.54,8.28,35.54
2023-08-21,13.6,12.15,21.27,8.23,35.33
2023-08-22,13.7,12.23,21.64,8.31,35.75
2023-08-23,13.73,12.37,21.82,8.44,35.73
2023-08-24,13.49,12.13,21.52,8.39,35.27
2023-08-25,13.3,12.06,21.33,8.32,35.64
2023-08-28,13.5,12.3,21.82,8.43,35.9
2023-08-29,13.55,12.4,22.04,8.46,35.77
2023-08-30,13.48,12.23,21.7,8.34,35.58
2023-08-31,13.15,12.09,21.44,8.25,35.17
2023-09-01,13.18,12.06,21.53,8.34,35.24
2023-09-02,13.87,13.25,23.37,9.44,35.94
2023-09-04,13.17,12.01,21.52,8.26,35.42
2023-09-05,13.31,11.87,21.12,8.17,35.2
2023-09-06,13.29,11.7,20.99,8.04,34.85
2023-09-08,13.02,11.7,21.03,8.0,34.7
2023-09-09,13.71,12.8,22.85,9.11,35.45
2023-09-11,13.18,11.87,21.34,8.17,34.58
2023-09-12,13.03,11.99,21.49,8.23,34.95
2023-09-13,12.96,12.02,21.68,8.28,36.2
2023-09-14,12.86,12.07,21.68,8.29,35.37
2023-09-15,12.75,12.0,21.74,8.28,35.39
2023-09-18,12.72,12.02,21.76,8.29,35.08
2023-09-19,12.76,11.92,21.82,8.27,35.27
2023-09-20,12.8,11.94,22.02,8.33,35.08
2023-09-21,12.58,11.43,21.5,8.21,34.29
2023-09-22,12.47,11.44,21.3,8.1,33.91
2023-09-25,12.56,11.38,21.39,8.16,35.48
2023-09-26,12.39,11.22,21.12,8.04,35.43
2023-09-27,12.33,11.22,21.11,8.05,35.37
2023-09-28,12.34,11.46,21.43,8.08,35.73
2023-09-29,12.46,11.57,21.47,8.15,35.61
2023-10-02,12.44,11.39,21.27,8.04,35.5
2023-10-03,12.4,11.22,21.09,7.98,34.53
2023-10-04,12.55,11.54,21.46,8.03,34.52
2023-10-05,12.25,11.56,21.77,8.08,34.35
2023-10-06,12.53,11.57,21.99,8.12,34.17
2023-10-09,12.52,11.57,21.83,8.01,34.22
2023-10-10,12.59,11.66,21.91,8.14,34.66
2023-10-11,12.63,11.77,22.09,8.21,34.53
2023-10-13,12.34,11.6,22.02,8.12,33.91
2023-10-16,12.36,11.73,21.94,8.11,34.02
2023-10-17,12.16,11.6,21.71,7.93,33.66
2023-10-18,11.91,11.47,21.42,8.06,33.67
2023-10-19,11.9,11.54,21.58,8.0,33.33
2023-10-20,11.87,11.4,21.55,7.9,33.2
2023-10-23,11.86,11.41,21.47,7.95,33.29
2023-10-24,11.9,11.43,21.43,7.98,34.38
2023-10-25,11.82,11.36,21.38,7.94,30.9
2023-10-26,12.0,11.63,21.9,8.08,32.07
2023-10-27,11.68,11.43,21.64,7.92,31.06
2023-10-30,11.75,11.34,21.5,7.84,31.71
2023-10-31,12.22,11.25,21.17,7.86,32.41
2023-11-01,12.34,11.41,21.58,7.95,32.48
2023-11-03,12.63,11.96,22.07,8.18,32.92
2023-11-06,12.84,11.99,22.3,8.23,32.61
2023-11-07,12.9,12.24,22.89,8.37,32.11
2023-11-08,12.87,12.32,23.05,8.43,31.86
2023-11-09,12.74,12.36,23.14,8.44,31.82
2023-11-10,12.69,12.2,23.34,8.51,32.57
2023-11-13,12.76,12.02,23.36,8.55,32.13
2023-11-14,13.02,12.3,23.5,8.65,32.85
2023-11-16,12.99,12.64,23.84,8.94,32.87
2023-11-17,12.92,12.6,23.97,8.92,32.66
2023-11-20,12.92,12.59,24.06,8.96,32.87
2023-11-21,12.77,12.55,24.02,8.99,33.05
2023-11-22,12.9,12.78,24.24,8.9,33.48
2023-11-23,12.88,13.02,24.43,8.96,33.44
2023-11-24,12.72,13.1,24.4,8.88,33.11
2023-11-27,12.91,12.98,24.39,8.94,33.52
2023-11-28,12.97,13.05,24.47,9.01,33.75
2023-11-29,12.64,12.97,24.7,8.99,33.51
2023-11-30,13.01,13.09,24.95,9.25,33.57
2023-12-01,13.38,13.17,25.17,9.23,34.15
2023-12-04,13.36,13.21,25.27,9.28,34.13
2023-12-05,13.53,13.31,25.45,9.43,34.66
2023-12-06,13.3,13.14,25.05,9.18,34.75
2023-12-07,13.38,13.18,25.38,9.25,34.72
2023-12-08,13.6,13.32,25.63,9.31,34.02
2023-12-11,13.61,13.24,25.51,9.26,34.24
2023-12-12,13.52,13.27,25.53,9.21,34.4
2023-12-13,13.97,13.73,26.2,9.43,35.41
2023-12-14,13.78,14.05,26.48,9.62,35.64
2023-12-15,13.75,14.23,26.34,9.55,35.38
2023-12-18,13.83,14.29,26.54,9.6,35.46
2023-12-19,13.97,14.4,26.52,9.59,35.83
2023-12-20,13.74,14.2,26.34,9.55,35.58
2023-12-21,13.7,14.19,26.45,9.62,35.8
2023-12-22,13.71,14.4,26.66,9.72,35.92
2023-12-26,13.77,14.45,26.97,9.86,36.13
2023-12-27,13.84,14.56,27.12,9.97,36.25
2023-12-28,13.73,14.62,27.16,9.82,36.31
2024-01-02,13.71,14.45,26.85,9.7,35.98
2024-01-03,13.6,14.46,26.79,9.71,36.25
2024-01-04,13.65,14.27,26.32,9.57,35.77
2024-01-05,13.6,14.51,26.85,9.72,35.39
2024-01-08,13.71,14.46,26.71,9.68,35.48
2024-01-09,13.62,14.08,26.57,9.67,34.6
2024-01-10,13.76,13.84,26.67,9.64,34.75
2024-01-11,13.56,13.82,26.63,9.61,34.26
2024-01-12,13.59,13.7,26.68,9.64,34.11
2024-01-15,13.59,13.74,26.82,9.69,33.77
2024-01-16,13.35,13.52,26.45,9.59,33.07
2024-01-17,13.43,13.54,26.36,9.57,32.86
2024-01-18,13.34,13.39,26.21,9.52,32.6
2024-01-19,13.35,13.26,26.38,9.47,32.94
2024-01-22,13.36,13.2,26.11,9.45,32.84
2024-01-23,13.37,13.22,26.2,9.49,33.22
2024-01-24,13.2,13.15,26.19,9.4,32.93
2024-01-25,13.2,13.12,26.1,9.38,32.71
2024-01-26,13.2,13.17,26.4,9.43,32.63
2024-01-29,13.25,13.12,26.34,9.49,32.71
2024-01-30,13.04,13.06,26.12,9.4,32.46
2024-01-31,13.08,13.1,26.28,9.48,31.82
2024-02-01,13.07,13.16,26.44,9.5,32.1
2024-02-02,13.07,13.08,26.35,9.56,32.06
2024-02-05,13.09,13.34,26.68,9.6,32.72
2024-02-06,13.23,13.92,27.87,9.97,32.7
2024-02-07,13.0,12.11,27.6,9.92,33.09
2024-02-08,12.95,12.01,27.34,9.79,33.25
2024-02-09,12.95,11.89,27.67,9.91,32.83
2024-02-14,12.92,11.74,27.57,9.86,32.99
2024-02-15,12.85,11.72,27.86,9.89,32.67
2024-02-16,12.76,11.78,28.03,9.91,32.86
2024-02-19,12.81,11.8,28.24,9.96,32.95
2024-02-20,12.85,12.07,29.08,10.36,33.72
2024-02-21,12.9,11.99,29.02,10.19,36.04
2024-02-22,12.96,11.96,29.03,10.29,34.9
2024-02-23,12.89,11.94,29.02,10.07,35.4
2024-02-26,13.04,11.9,28.99,10.09,36.28
2024-02-27,13.31,12.01,29.36,10.3,36.67
2024-02-28,13.45,11.96,29.51,10.32,36.62
2024-02-29,12.58,11.8,28.69,10.03,36.4
2024-03-01,12.44,11.89,28.88,10.14,36.99
2024-03-04,12.48,11.71,28.68,10.09,36.85
2024-03-05,12.75,11.83,28.64,10.09,37.13
2024-03-06,12.69,11.76,29.0,10.17,36.84
2024-03-07,12.65,11.7,28.74,10.16,36.61
2024-03-08,12.84,11.73,28.94,10.23,36.63
2024-03-11,12.8,11.82,28.88,10.21,36.87
2024-03-12,12.84,11.98,28.93,10.29,37.31
2024-03-13,12.75,12.1,29.15,10.45,37.72
2024-03-14,12.8,12.1,29.22,10.5,37.49
2024-03-15,12.63,12.03,29.03,10.51,37.7
2024-03-18,12.63,12.18,29.1,10.5,37.7
2024-03-19,12.54,12.13,29.1,10.45,38.45
2024-03-20,12.54,12.37,29.24,10.47,38.52
2024-03-21,12.61,12.25,29.06,10.34,39.12
2024-03-22,12.41,12.02,28.72,10.25,39.42
2024-03-23,12.41,12.52,29.1,10.36,39.71
2024-03-25,12.23,11.97,28.7,10.1,38.79
2024-03-26,12.41,12.13,29.23,10.17,38.53
2024-03-27,12.45,12.3,29.45,10.28,38.3
2024-03-28,12.49,12.23,29.56,10.31,37.95
2024-04-01,12.33,12.07,28.63,10.14,37.74
2024-04-02,12.27,12.15,28.58,10.1,37.92
2024-04-03,12.45,12.42,28.45,10.07,37.64
2024-04-04,12.47,12.45,28.15,9.97,37.85
2024-04-05,12.23,12.4,28.18,9.86,37.74
2024-04-08,12.17,12.46,28.45,9.96,37.95
2024-04-09,12.36,12.6,28.69,10.03,38.55
2024-04-10,12.1,12.32,28.11,9.88,38.15
2024-04-11,12.2,12.25,28.01,9.85,37.99
2024-04-12,12.12,12.07,27.86,9.81,37.73
2024-04-15,12.07,11.95,27.43,9.55,37.4
2024-04-16,11.94,11.83,27.15,9.5,38.52
2024-04-17,11.91,11.79,27.17,9.44,37.97
2024-04-18,11.96,11.69,27.21,9.43,38.35
2024-04-19,11.95,11.61,27.1,9.46,38.3
2024-04-22,11.95,11.57,27.09,9.39,38.02
2024-04-23,11.86,11.6,27.45,9.47,37.74
2024-04-24,12.04,11.57,27.4,9.5,37.98
2024-04-25,12.02,11.55,27.26,9.4,38.42
2024-04-26,12.01,11.73,27.72,9.53,38.97
2024-04-29,12.1,11.91,27.46,9.54,39.1
2024-04-30,12.15,11.89,26.99,9.46,39.29
2024-05-02,12.33,11.91,27.4,9.56,38.6
2024-05-03,12.37,12.03,27.67,9.69,38.52
2024-05-06,12.45,11.86,27.74,9.74,38.38
2024-05-07,12.6,11.9,28.29,9.81,38.65
2024-05-08,12.17,11.82,28.47,9.92,38.84
2024-05-09,12.05,11.52,27.57,9.8,38.65
2024-05-10,12.04,11.51,27.89,9.91,38.72
2024-05-13,12.06,11.48,28.09,9.95,38.83
2024-05-14,12.16,11.55,28.53,10.11,39.35
2024-05-15,12.31,11.49,28.38,10.11,39.36
2024-05-16,12.38,11.49,28.3,10.18,39.34
2024-05-17,12.38,11.57,28.36,10.14,39.38
2024-05-20,12.1,11.55,28.21,10.11,39.59
2024-05-21,12.02,11.55,28.06,10.1,39.5
2024-05-22,11.97,11.31,27.63,10.0,39.03
2024-05-23,11.96,11.21,27.36,9.97,38.78
2024-05-24,11.87,11.22,27.13,9.84,38.09
2024-05-25,,11.65,27.38,10.07,
2024-05-27,11.81,11.22,27.11,9.86,38.1
2024-05-28,11.59,11.19,27.04,9.83,37.98
2024-05-29,11.52,11.07,26.9,9.79,37.49
2024-05-31,11.56,11.03,26.64,9.67,37.31
2024-06-03,11.55,11.04,26.9,9.65,37.1
2024-06-04,11.69,11.07,27.08,9.74,37.55
2024-06-05,11.57,10.99,26.95,9.74,37.3
2024-06-06,11.82,11.16,27.38,9.81,37.56
2024-06-07,11.56,11.07,27.01,9.63,37.6
2024-06-10,11.46,11.08,26.85,9.51,37.56
2024-06-11,11.4,11.13,27.12,9.67,37.55
2024-06-12,11.27,10.91,27.04,9.59,37.82
2024-06-13,11.09,10.88,26.86,9.55,38.17
2024-06-14,11.24,10.97,26.85,9.51,38.52
2024-06-17,11.24,11.01,27.44,9.55,38.52
2024-06-18,11.25,10.93,27.39,9.61,38.61
2024-06-19,11.2,10.99,27.51,9.64,39.55
2024-06-20,11.28,11.02,27.49,9.68,40.52
2024-06-21,11.28,11.09,28.05,9.68,40.81
2024-06-24,11.32,11.18,28.2,9.84,40.6
2024-06-25,11.38,11.12,28.13,9.87,41.3
2024-06-26,11.45,11.1,27.91,9.82,41.68
2024-06-27,11.46,11.12,28.04,9.81,41.43
2024-06-28,11.41,11.14,28.04,9.82,41.92
2024-07-01,11.45,11.06,27.84,9.73,41.76
2024-07-02,11.46,11.1,28.0,9.82,41.82
2024-07-03,11.38,11.18,28.29,9.91,41.9
2024-07-04,11.45,11.21,28.47,9.98,41.68
2024-07-05,11.32,11.29,28.25,9.92,41.98
2024-07-08,11.25,11.31,28.33,9.83,44.25
2024-07-09,11.25,11.32,28.52,9.91,44.33
2024-07-10,11.4,11.52,28.56,10.06,43.83
2024-07-11,11.53,11.56,28.79,10.12,44.73
2024-07-12,11.64,11.53,28.65,10.17,45.65
2024-07-15,11.64,11.47,28.7,10.19,46.28
2024-07-16,11.7,11.55,28.86,10.19,46.45
2024-07-17,11.82,11.69,29.27,10.31,46.81
2024-07-18,11.67,11.47,29.07,10.23,47.16
2024-07-19,11.73,11.43,29.33,10.32,47.05
2024-07-22,11.81,11.51,29.31,10.38,46.93
2024-07-23,11.78,11.36,29.21,10.29,46.81
2024-07-24,11.79,11.34,29.27,10.21,46.42
2024-07-25,11.85,11.2,29.1,10.17,45.72
2024-07-26,11.88,11.3,29.3,10.22,46.68
2024-07-29,11.82,11.3,29.51,10.28,46.25
2024-07-30,11.64,11.21,29.43,10.3,45.63
2024-07-31,11.58,11.2,29.09,10.16,50.41
2024-08-01,11.74,11.32,28.59,9.89,52.58
2024-08-02,11.87,11.32,28.37,9.84,49.57
2024-08-05,11.85,12.25,28.23,9.82,48.8
2024-08-06,12.01,12.67,28.88,9.97,48.91
2024-08-07,12.51,12.64,29.03,10.04,48.26
2024-08-08,12.36,12.76,29.07,10.08,49.63
2024-08-09,12.45,13.01,29.62,10.29,49.64
2024-08-12,12.39,13.14,29.8,10.41,50.52
2024-08-13,12.57,13.29,30.56,10.61,51.07
2024-08-14,12.56,13.37,31.29,10.8,51.48
2024-08-15,13.03,13.54,31.79,10.94,52.63
2024-08-16,13.01,13.32,31.63,10.92,53.18
2024-08-19,13.01,14.07,31.95,11.06,51.73
2024-08-20,12.94,14.04,32.27,11.06,53.04
2024-08-21,12.94,14.02,32.11,11.0,53.36
2024-08-22,13.0,14.01,31.76,10.9,54.13
2024-08-23,13.08,14.18,31.59,10.94,53.74
2024-08-26,13.08,14.11,31.57,10.96,54.01
2024-08-27,13.03,13.97,31.5,10.92,53.93
2024-08-28,12.95,14.15,32.24,11.14,53.93
2024-08-29,12.86,14.08,32.16,11.0,53.47
2024-08-30,12.86,14.12,31.79,10.9,54.08
2024-09-02,12.87,14.0,31.67,10.91,52.28
2024-09-03,12.8,14.21,32.19,11.07,52.73
2024-09-04,12.99,14.29,32.44,11.27,53.32
2024-09-05,12.97,14.38,32.65,11.16,53.92
2024-09-06,12.99,14.17,32.37,11.18,52.81
2024-09-09,13.11,14.21,32.44,11.19,52.38
2024-09-10,13.24,14.25,32.5,11.24,52.82
2024-09-11,13.04,14.03,32.43,11.21,53.43
2024-09-12,12.91,13.94,32.33,11.21,53.24
2024-09-13,12.73,13.95,32.34,11.17,53.55
2024-09-16,12.86,13.88,32.41,11.17,52.93
2024-09-17,12.96,13.78,32.1,11.15,53.25
2024-09-18,12.98,13.62,31.99,11.09,53.29
2024-09-19,12.95,13.48,31.76,11.16,53.19
2024-09-20,12.76,13.25,31.26,10.91,52.45
2024-09-23,12.75,12.93,31.21,10.82,54.25
2024-09-24,12.76,12.87,31.12,10.84,55.32
2024-09-25,12.68,12.71,31.41,10.96,55.61
2024-09-26,12.84,12.96,31.85,11.13,55.98
2024-09-27,12.92,13.04,31.89,11.15,55.96
2024-09-30,13.08,12.89,31.41,11.08,54.39
2024-10-01,13.6,12.96,30.89,10.85,55.88
2024-10-02,13.72,13.38,31.09,10.9,55.35
2024-10-03,13.4,13.25,30.4,10.55,54.6
2024-10-04,13.28,13.29,30.46,10.63,54.5
